fiscal_year,metric,value,unit,value_as_written,source_accession,section,quote,source_url,verified_in_filing
2020,warehouses_end_of_year,795.0,count,795,0000909832-20-000017,XBRL us-gaap:NumberOfStores,,https://www.sec.gov/Archives/edgar/data/909832/000090983220000017/cost-20200830.htm#id3VybDovL2RvY3MudjEvZG9jOmQyYzdhMjdjYzQ1YTQzNDFhN2JkZjg4Yjk3MzlkMzhiL3NlYzpkMmM3YTI3Y2M0NWE0MzQxYTdiZGY4OGI5NzM5ZDM4Yl8xMDYvZnJhZzphMjUyNTBhY2RiZTY0OWUxODRhODVmNDY5MGUzMDc5ZS90ZXh0cmVnaW9uOmEyNTI1MGFjZGJlNjQ5ZTE4NGE4NWY0NjkwZTMwNzllXzQ2Mw_5351ae6d-862b-4dbb-bd17-b7c2204d49c5,True
2021,warehouses_end_of_year,815.0,count,815,0000909832-21-000014,XBRL us-gaap:NumberOfStores,,https://www.sec.gov/Archives/edgar/data/909832/000090983221000014/cost-20210829.htm#id3VybDovL2RvY3MudjEvZG9jOmU1OGRhYTJkOGIzMjQ3YzZiZmQ4YzVlYTBhZTRhMzRlL3NlYzplNThkYWEyZDhiMzI0N2M2YmZkOGM1ZWEwYWU0YTM0ZV8xMDYvZnJhZzo0OWE1YTY5ZTRkMDM0MzMyODk0YThhN2EzNjE0NGZjNy90ZXh0cmVnaW9uOjQ5YTVhNjllNGQwMzQzMzI4OTRhOGE3YTM2MTQ0ZmM3XzQ2Mw_5ff4f064-ade6-476d-b8e7-51162d659605,True
2022,warehouses_end_of_year,838.0,count,838,0000909832-22-000021,XBRL us-gaap:NumberOfStores,,https://www.sec.gov/Archives/edgar/data/909832/000090983222000021/cost-20220828.htm#id3VybDovL2RvY3MudjEvZG9jOjdmOTI4MjJkZGY4NDRjMjQ5MTI2MjdiZjY4NTA5YjU2L3NlYzo3ZjkyODIyZGRmODQ0YzI0OTEyNjI3YmY2ODUwOWI1Nl8xMDMvZnJhZzpkZWIwY2EwZjRiMGQ0YzQyOTAyYjdkMTYxZjVlMDA1Yi90ZXh0cmVnaW9uOmRlYjBjYTBmNGIwZDRjNDI5MDJiN2QxNjFmNWUwMDViXzQ2Mw_da06108a-3314-4c94-85ff-5497bfc7c252,True
2023,warehouses_end_of_year,861.0,count,861,0000909832-23-000042,XBRL us-gaap:NumberOfStores,,https://www.sec.gov/Archives/edgar/data/909832/000090983223000042/cost-20230903.htm#f-396,True
2024,warehouses_end_of_year,890.0,count,890,0000909832-24-000049,XBRL us-gaap:NumberOfStores,,https://www.sec.gov/Archives/edgar/data/909832/000090983224000049/cost-20240901.htm#f-388,True
2020,paid_members,58.1,millions,"58,100",0000909832-20-000017,Item 1 - Membership,"Total paid members 58,100",https://www.sec.gov/Archives/edgar/data/909832/000090983220000017/cost-20200830.htm,True
2020,total_cardholders,105.5,millions,"105,500",0000909832-20-000017,Item 1 - Membership,"Total cardholders 105,500",https://www.sec.gov/Archives/edgar/data/909832/000090983220000017/cost-20200830.htm,True
2021,paid_members,61.7,millions,"61,700",0000909832-21-000014,Item 1 - Membership,"Total paid members 61,700",https://www.sec.gov/Archives/edgar/data/909832/000090983221000014/cost-20210829.htm,True
2021,total_cardholders,111.6,millions,"111,600",0000909832-21-000014,Item 1 - Membership,"Total cardholders 111,600",https://www.sec.gov/Archives/edgar/data/909832/000090983221000014/cost-20210829.htm,True
2022,paid_members,65.8,millions,"65,800",0000909832-22-000021,Item 1 - Membership,"Total paid members 65,800",https://www.sec.gov/Archives/edgar/data/909832/000090983222000021/cost-20220828.htm,True
2022,total_cardholders,118.9,millions,"118,900",0000909832-22-000021,Item 1 - Membership,"Total cardholders 118,900",https://www.sec.gov/Archives/edgar/data/909832/000090983222000021/cost-20220828.htm,True
2023,paid_members,71.0,millions,"71,000",0000909832-23-000042,Item 1 - Membership,"Total paid members 71,000",https://www.sec.gov/Archives/edgar/data/909832/000090983223000042/cost-20230903.htm,True
2023,total_cardholders,127.9,millions,"127,900",0000909832-23-000042,Item 1 - Membership,"Total cardholders 127,900",https://www.sec.gov/Archives/edgar/data/909832/000090983223000042/cost-20230903.htm,True
2024,paid_members,76.2,millions,"76,200",0000909832-24-000049,Item 1 - Membership,"Total paid members 1 76,200",https://www.sec.gov/Archives/edgar/data/909832/000090983224000049/cost-20240901.htm,True
2024,total_cardholders,136.8,millions,"136,800",0000909832-24-000049,Item 1 - Membership,"Total cardholders 136,800",https://www.sec.gov/Archives/edgar/data/909832/000090983224000049/cost-20240901.htm,True
2020,executive_members,22.6,millions,22.6 million,0000909832-20-000017,Item 1 - Membership,"Executive members, who totaled 22.6 million and represented 39% of paid members at the end of 2020",https://www.sec.gov/Archives/edgar/data/909832/000090983220000017/cost-20200830.htm,True
2021,executive_members,25.6,millions,25.6 million,0000909832-21-000014,Item 1 - Membership,Executive members totaled 25.6 million and represented 55% of paid members (excluding affiliates) in the U.S. and Canada,https://www.sec.gov/Archives/edgar/data/909832/000090983221000014/cost-20210829.htm,True
2022,executive_members,29.1,millions,29.1 million,0000909832-22-000021,Item 1 - Membership,Executive members totaled 29.1 million and represented 57% of paid members (excluding affiliates) in the U.S. and Canada,https://www.sec.gov/Archives/edgar/data/909832/000090983222000021/cost-20220828.htm,True
2023,executive_members,32.3,millions,32.3 million,0000909832-23-000042,Item 1 - Membership,Executive members totaled 32.3 million and represented 45.4% of paid members,https://www.sec.gov/Archives/edgar/data/909832/000090983223000042/cost-20230903.htm,True
2024,executive_members,35.4,millions,"35,400",0000909832-24-000049,"Item 1 - Membership (footnote, thousands)","Executive members represented 35,400, 32,300, and 29,100 of total paid members in 2024, 2023, and 2022",https://www.sec.gov/Archives/edgar/data/909832/000090983224000049/cost-20240901.htm,True
2022,executive_sales_penetration,71.0,% of net sales,71%,0000909832-22-000021,Item 1 - Membership,The sales penetration of Executive members represented approximately 71% of worldwide net sales in 2022,https://www.sec.gov/Archives/edgar/data/909832/000090983222000021/cost-20220828.htm,True
2023,executive_sales_penetration,72.8,% of net sales,72.8%,0000909832-23-000042,Item 1 - Membership,The sales penetration of Executive members represented approximately 72.8% of worldwide net sales in 2023,https://www.sec.gov/Archives/edgar/data/909832/000090983223000042/cost-20230903.htm,True
2024,executive_sales_penetration,73.3,% of net sales,73.3%,0000909832-24-000049,Item 1 - Membership,The sales penetration of Executive members represented approximately 73.3% of worldwide net sales in 2024,https://www.sec.gov/Archives/edgar/data/909832/000090983224000049/cost-20240901.htm,True
2020,renewal_rate_us_canada,91.0,%,91% in the U.S. and Canada,0000909832-20-000017,Item 1 - Membership,Our member renewal rate was 91% in the U.S. and Canada and 88% on a worldwide basis at the end of 2020,https://www.sec.gov/Archives/edgar/data/909832/000090983220000017/cost-20200830.htm,True
2020,renewal_rate_worldwide,88.0,%,and 88%,0000909832-20-000017,Item 1 - Membership,Our member renewal rate was 91% in the U.S. and Canada and 88% on a worldwide basis at the end of 2020,https://www.sec.gov/Archives/edgar/data/909832/000090983220000017/cost-20200830.htm,True
2021,renewal_rate_us_canada,91.0,%,91% in the U.S. and Canada,0000909832-21-000014,Item 1 - Membership,Our member renewal rate was 91% in the U.S. and Canada and 89% worldwide at the end of 2021,https://www.sec.gov/Archives/edgar/data/909832/000090983221000014/cost-20210829.htm,True
2021,renewal_rate_worldwide,89.0,%,and 89%,0000909832-21-000014,Item 1 - Membership,Our member renewal rate was 91% in the U.S. and Canada and 89% worldwide at the end of 2021,https://www.sec.gov/Archives/edgar/data/909832/000090983221000014/cost-20210829.htm,True
2022,renewal_rate_us_canada,93.0,%,93% in the U.S. and Canada,0000909832-22-000021,Item 1 - Membership,Our member renewal rate was 93% in the U.S. and Canada and 90% worldwide at the end of 2022,https://www.sec.gov/Archives/edgar/data/909832/000090983222000021/cost-20220828.htm,True
2022,renewal_rate_worldwide,90.0,%,and 90%,0000909832-22-000021,Item 1 - Membership,Our member renewal rate was 93% in the U.S. and Canada and 90% worldwide at the end of 2022,https://www.sec.gov/Archives/edgar/data/909832/000090983222000021/cost-20220828.htm,True
2023,renewal_rate_us_canada,92.7,%,92.7% in the U.S. and Canada,0000909832-23-000042,Item 1 - Membership,Our member renewal rate was 92.7% in the U.S. and Canada and 90.4% worldwide at the end of 2023,https://www.sec.gov/Archives/edgar/data/909832/000090983223000042/cost-20230903.htm,True
2023,renewal_rate_worldwide,90.4,%,and 90.4%,0000909832-23-000042,Item 1 - Membership,Our member renewal rate was 92.7% in the U.S. and Canada and 90.4% worldwide at the end of 2023,https://www.sec.gov/Archives/edgar/data/909832/000090983223000042/cost-20230903.htm,True
2024,renewal_rate_us_canada,92.9,%,92.9% in the U.S. and Canada,0000909832-24-000049,Item 1 - Membership,Our member renewal rate was 92.9% in the U.S. and Canada and 90.5% worldwide at the end of 2024,https://www.sec.gov/Archives/edgar/data/909832/000090983224000049/cost-20240901.htm,True
2024,renewal_rate_worldwide,90.5,%,and 90.5%,0000909832-24-000049,Item 1 - Membership,Our member renewal rate was 92.9% in the U.S. and Canada and 90.5% worldwide at the end of 2024,https://www.sec.gov/Archives/edgar/data/909832/000090983224000049/cost-20240901.htm,True
2020,comparable_sales_growth,8.0,%,Total Company 8 %,0000909832-20-000017,Item 7 MD&A - Highlights table,Changes in comparable sales: U.S. 8 % 8 % 9 % Canada 5 % 2 % 9 % Other International 9 % 2 % 11 % Total Company 8 %,https://www.sec.gov/Archives/edgar/data/909832/000090983220000017/cost-20200830.htm,True
2020,comparable_sales_growth_ex_gas_fx,9.0,%,Total Company 9 %,0000909832-20-000017,Item 7 MD&A - Highlights table,Increases in comparable sales excluding the impact of changes in foreign currency and gasoline prices (1) : U.S. 9 % 6 % 7 % Canada 7 % 5 % 4 % Other International 11 % 6 % 7 % Total Company 9 %,https://www.sec.gov/Archives/edgar/data/909832/000090983220000017/cost-20200830.htm,True
2021,comparable_sales_growth,16.0,%,Total Company 16 %,0000909832-21-000014,Item 7 MD&A - Highlights table,Increases in comparable sales: U.S. 15 % 8 % 8 % Canada 20 % 5 % 2 % Other International 19 % 9 % 2 % Total Company 16 %,https://www.sec.gov/Archives/edgar/data/909832/000090983221000014/cost-20210829.htm,True
2021,comparable_sales_growth_ex_gas_fx,13.0,%,Total Company 13 %,0000909832-21-000014,Item 7 MD&A - Highlights table,Increases in comparable sales excluding the impact of changes in foreign currency and gasoline prices (1) : U.S. 14 % 9 % 6 % Canada 12 % 7 % 5 % Other International 13 % 11 % 6 % Total Company 13 %,https://www.sec.gov/Archives/edgar/data/909832/000090983221000014/cost-20210829.htm,True
2022,comparable_sales_growth,14.0,%,Total Company 14 %,0000909832-22-000021,Item 7 MD&A - Highlights table,Increases in comparable sales: U.S. 16 % 15 % 8 % Canada 15 % 20 % 5 % Other International 7 % 19 % 9 % Total Company 14 %,https://www.sec.gov/Archives/edgar/data/909832/000090983222000021/cost-20220828.htm,True
2022,comparable_sales_growth_ex_gas_fx,11.0,%,Total Company 11 %,0000909832-22-000021,Item 7 MD&A - Highlights table,Increases in comparable sales excluding the impact of changes in foreign currency and gasoline prices: U.S. 10 % 14 % 9 % Canada 12 % 12 % 7 % Other International 10 % 13 % 11 % Total Company 11 %,https://www.sec.gov/Archives/edgar/data/909832/000090983222000021/cost-20220828.htm,True
2023,comparable_sales_growth,3.0,%,Total Company 3 %,0000909832-23-000042,Item 7 MD&A - Highlights table,Changes in comparable sales: U.S. 3 % 16 % 15 % Canada 2 % 15 % 20 % Other International 3 % 7 % 19 % Total Company 3 %,https://www.sec.gov/Archives/edgar/data/909832/000090983223000042/cost-20230903.htm,True
2023,comparable_sales_growth_ex_gas_fx,5.0,%,Total Company 5 %,0000909832-23-000042,Item 7 MD&A - Highlights table,Changes in comparable sales excluding the impact of changes in foreign-currency and gasoline prices: U.S. 4 % 10 % 14 % Canada 8 % 12 % 12 % Other International 8 % 10 % 13 % Total Company 5 %,https://www.sec.gov/Archives/edgar/data/909832/000090983223000042/cost-20230903.htm,True
2024,comparable_sales_growth,5.0,%,Total Company 5 %,0000909832-24-000049,Item 7 MD&A - Highlights table,Changes in comparable sales (1) : U.S. 4 % 3 % 16 % Canada 7 % 2 % 15 % Other International 8 % 3 % 7 % Total Company 5 %,https://www.sec.gov/Archives/edgar/data/909832/000090983224000049/cost-20240901.htm,True
2024,comparable_sales_growth_ex_gas_fx,6.0,%,Total Company 6 %,0000909832-24-000049,Item 7 MD&A - Highlights table,Changes in comparable sales excluding the impact of changes in foreign-currency and gasoline prices (1) : U.S. 5 % 4 % 10 % Canada 8 % 8 % 12 % Other International 8 % 8 % 10 % Total Company 6 %,https://www.sec.gov/Archives/edgar/data/909832/000090983224000049/cost-20240901.htm,True
2020,operating_floor_space,116.1,million sq ft,116.1 million square feet,0000909832-20-000017,Item 2 - Properties,"At the end of 2020, our warehouses contained approximately 116.1 million square feet of operating floor space",https://www.sec.gov/Archives/edgar/data/909832/000090983220000017/cost-20200830.htm,True
2021,operating_floor_space,118.9,million sq ft,118.9 million square feet,0000909832-21-000014,Item 2 - Properties,"At the end of 2021, our warehouses contained approximately 118.9 million square feet of operating floor space",https://www.sec.gov/Archives/edgar/data/909832/000090983221000014/cost-20210829.htm,True
2022,operating_floor_space,122.5,million sq ft,122.5 million square feet,0000909832-22-000021,Item 2 - Properties,"At the end of 2022, our warehouses contained approximately 122.5 million square feet of operating floor space",https://www.sec.gov/Archives/edgar/data/909832/000090983222000021/cost-20220828.htm,True
2023,operating_floor_space,126.3,million sq ft,126.3 million square feet,0000909832-23-000042,Item 2 - Properties,"At the end of 2023, our warehouses contained approximately 126.3 million square feet of operating floor space",https://www.sec.gov/Archives/edgar/data/909832/000090983223000042/cost-20230903.htm,True
2024,operating_floor_space,130.9,million sq ft,130.9 million square feet,0000909832-24-000049,Item 2 - Properties,"At the end of 2024, our warehouses contained approximately 130.9 million square feet of operating floor space",https://www.sec.gov/Archives/edgar/data/909832/000090983224000049/cost-20240901.htm,True
2020,gold_star_annual_fee_us,60.0,USD,$60,0000909832-20-000017,Item 1 - Membership,Our annual fee for these memberships is $60 in our U.S. and Canadian operations,https://www.sec.gov/Archives/edgar/data/909832/000090983220000017/cost-20200830.htm,True
2021,gold_star_annual_fee_us,60.0,USD,$60,0000909832-21-000014,Item 1 - Membership,Our annual fee for these memberships is $60 in our U.S. and Canadian operations,https://www.sec.gov/Archives/edgar/data/909832/000090983221000014/cost-20210829.htm,True
2022,gold_star_annual_fee_us,60.0,USD,$60,0000909832-22-000021,Item 1 - Membership,Our annual fee for these memberships is $60 in the U.S.,https://www.sec.gov/Archives/edgar/data/909832/000090983222000021/cost-20220828.htm,True
2023,gold_star_annual_fee_us,60.0,USD,$60,0000909832-23-000042,Item 1 - Membership,Our annual fee for these memberships is $60 in the U.S.,https://www.sec.gov/Archives/edgar/data/909832/000090983223000042/cost-20230903.htm,True
2025,gold_star_annual_fee_us,65.0,USD,$65,0000909832-24-000049,Item 1 - Membership (fee increase disclosed in FY2024 10-K),"Effective September 1, 2024, we increased our membership fees in the U.S. and Canada for Gold Star, Business, and Business affiliates to $65 per year",https://www.sec.gov/Archives/edgar/data/909832/000090983224000049/cost-20240901.htm,True
2025,executive_annual_fee_us,130.0,USD,$130,0000909832-24-000049,Item 1 - Membership (fee increase disclosed in FY2024 10-K),The Executive membership fee increased from $120 to $130,https://www.sec.gov/Archives/edgar/data/909832/000090983224000049/cost-20240901.htm,True
2021,special_dividend_paid,4430.0,USD millions,"$4,430",0000909832-21-000014,Item 7 MD&A - Liquidity: Dividends,"Dividends in 2021 included a special dividend of $10.00 per share, resulting in an aggregate payment of approximately $4,430",https://www.sec.gov/Archives/edgar/data/909832/000090983221000014/cost-20210829.htm,True
2024,special_dividend_paid,6655.0,USD millions,"$6,655",0000909832-24-000049,Item 7 MD&A - Liquidity: Dividends,"Dividends in 2024 included a special dividend of $15 per share, resulting in a payment of approximately $6,655",https://www.sec.gov/Archives/edgar/data/909832/000090983224000049/cost-20240901.htm,True
2021,special_dividend_per_share,10.0,USD,$10.00,0000909832-21-000014,Item 7 MD&A - Liquidity: Dividends,Dividends in 2021 included a special dividend of $10.00 per share,https://www.sec.gov/Archives/edgar/data/909832/000090983221000014/cost-20210829.htm,True
2024,special_dividend_per_share,15.0,USD,$15,0000909832-24-000049,Item 7 MD&A - Liquidity: Dividends,Dividends in 2024 included a special dividend of $15 per share,https://www.sec.gov/Archives/edgar/data/909832/000090983224000049/cost-20240901.htm,True
2021,effective_tax_rate_ex_discrete,26.4,%,26.4%,0000909832-21-000014,Item 7 MD&A - Provision for Income Taxes,"Excluding these benefits, the tax rate was 26.4% for 2021",https://www.sec.gov/Archives/edgar/data/909832/000090983221000014/cost-20210829.htm,True
2022,effective_tax_rate_ex_discrete,26.2,%,26.2%,0000909832-22-000021,Item 7 MD&A - Provision for Income Taxes,rate was 26.2% for 2022,https://www.sec.gov/Archives/edgar/data/909832/000090983222000021/cost-20220828.htm,True
2020,effective_tax_rate_ex_discrete,25.9,%,25.9%,0000909832-20-000017,Item 7 MD&A - Provision for Income Taxes,"Excluding these benefits, the tax rate was 25.9% for 2020",https://www.sec.gov/Archives/edgar/data/909832/000090983220000017/cost-20200830.htm,True
2023,effective_tax_rate_ex_discrete,26.6,%,26.6%,0000909832-23-000042,Item 7 MD&A - Provision for Income Taxes,"The effective tax rate for 2023 was impacted by net discrete tax benefits of $62, primarily due to excess tax benefits related to stock compensation. Excluding discrete net tax benefits, the tax rate was 26.6%",https://www.sec.gov/Archives/edgar/data/909832/000090983223000042/cost-20230903.htm,True
2024,discrete_tax_benefit_401k_special_dividend,94.0,USD millions,$94,0000909832-24-000049,Item 7 MD&A - Provision for Income Taxes,The effective tax rate for 2024 was favorably impacted by discrete tax benefits of $94 related to the portion of the special dividend payable through our 401(k) plan,https://www.sec.gov/Archives/edgar/data/909832/000090983224000049/cost-20240901.htm,True
2024,discrete_tax_benefit_transfer_pricing,63.0,USD millions,$63,0000909832-24-000049,Item 7 MD&A - Provision for Income Taxes,a net non-recurring tax benefit of $63 related to a transfer pricing settlement and certain true-ups of tax reserves,https://www.sec.gov/Archives/edgar/data/909832/000090983224000049/cost-20240901.htm,True
2024,discrete_tax_benefit_stock_comp,45.0,USD millions,$45,0000909832-24-000049,Item 7 MD&A - Provision for Income Taxes,and $45 of excess tax benefits related to stock compensation,https://www.sec.gov/Archives/edgar/data/909832/000090983224000049/cost-20240901.htm,True
2020,dividends_declared_per_share,2.7,USD,$2.70,0000909832-21-000014,Item 7 MD&A - Liquidity: Dividends,"Cash dividends declared in 2021 totaled $12.98 per share, as compared to $2.70 per share in 2020",https://www.sec.gov/Archives/edgar/data/909832/000090983221000014/cost-20210829.htm,True
2021,dividends_declared_per_share,12.98,USD,$12.98,0000909832-21-000014,Item 7 MD&A - Liquidity: Dividends,Cash dividends declared in 2021 totaled $12.98 per share,https://www.sec.gov/Archives/edgar/data/909832/000090983221000014/cost-20210829.htm,True
2022,dividends_declared_per_share,3.38,USD,$3.38,0000909832-22-000021,Item 7 MD&A - Liquidity: Dividends,Cash dividends declared in 2022 totaled $3.38 per share,https://www.sec.gov/Archives/edgar/data/909832/000090983222000021/cost-20220828.htm,True
2023,dividends_declared_per_share,3.84,USD,$3.84,0000909832-24-000049,Item 7 MD&A - Liquidity: Dividends,"as compared to $1,703 or $3.84 per share in 2023",https://www.sec.gov/Archives/edgar/data/909832/000090983224000049/cost-20240901.htm,True
2024,dividends_declared_per_share,19.36,USD,$19.36,0000909832-24-000049,Item 7 MD&A - Liquidity: Dividends,"Cash dividends declared in 2024 totaled $8,589 or $19.36 per share",https://www.sec.gov/Archives/edgar/data/909832/000090983224000049/cost-20240901.htm,True
2025,q1_comparable_sales_growth,5.0,%,Total Company 5 %,0000909832-24-000079,10-Q Q1 FY2025 MD&A - Net sales,Increases in comparable sales (1) : U.S. 5 % 2 % Canada 6 % 6 % Other International 5 % 11 % Total Company 5 %,https://www.sec.gov/Archives/edgar/data/909832/000090983224000079/cost-20241124.htm,True
2025,q1_comparable_sales_growth_ex_gas_fx,7.0,%,Total Company 7 %,0000909832-24-000079,10-Q Q1 FY2025 MD&A - Net sales,Increases in comparable sales excluding the impact of changes in foreign-currency and gasoline prices (1) : U.S. 7 % 3 % Canada 7 % 8 % Other International 7 % 7 % Total Company 7 %,https://www.sec.gov/Archives/edgar/data/909832/000090983224000079/cost-20241124.htm,True
2025,planned_openings_incl_relocations,29.0,count,22 additional new warehouses,0000909832-24-000079,10-Q Q1 FY2025 MD&A - Capital expenditure plans,"We opened seven new warehouses, includ ing one relocation, in the first quarter of 2025 and plan to open 22 additional new warehouses, including two",https://www.sec.gov/Archives/edgar/data/909832/000090983224000079/cost-20241124.htm,True
2025,planned_relocations,3.0,count,including two,0000909832-24-000079,10-Q Q1 FY2025 MD&A - Capital expenditure plans (1 relocation in Q1 + 2 planned),"plan to open 22 additional new warehouses, including two",https://www.sec.gov/Archives/edgar/data/909832/000090983224000079/cost-20241124.htm,True
2025,capex_plan,5000.0,USD millions,"$5,000",0000909832-24-000079,10-Q Q1 FY2025 MD&A - Capital expenditure plans,"it is our current intention to spend a total of approximately $5,000 during fiscal 2025",https://www.sec.gov/Archives/edgar/data/909832/000090983224000079/cost-20241124.htm,True
2025,q1_paid_members,77.4,millions,"77,400",0000909832-24-000079,10-Q Q1 FY2025 MD&A - Membership fees,"Total paid members (000s) 77,400",https://www.sec.gov/Archives/edgar/data/909832/000090983224000079/cost-20241124.htm,True
2025,q1_renewal_rate_us_canada,92.8,%,92.8%,0000909832-24-000079,10-Q Q1 FY2025 MD&A - Membership fees,our renewal rates were 92.8% in the U.S. and Canada and 90.4% worldwide,https://www.sec.gov/Archives/edgar/data/909832/000090983224000079/cost-20241124.htm,True
2025,q1_gross_margin_ex_gas,11.11,% of net sales,11.11%,0000909832-24-000079,10-Q Q1 FY2025 MD&A - Gross margin,"Excluding the impact of gasoline price deflation on net sales, gross margin percentage was 11.11%",https://www.sec.gov/Archives/edgar/data/909832/000090983224000079/cost-20241124.htm,True
2025,q1_discrete_tax_benefit,100.0,USD millions,$100,0000909832-24-000079,10-Q Q1 FY2025 MD&A - Provision for income taxes,favorably impacted by discrete tax benefits of $100,https://www.sec.gov/Archives/edgar/data/909832/000090983224000079/cost-20241124.htm,True
2025,q1_debt_fair_value,5273.0,USD millions,"$ 5,273",0000909832-24-000079,10-Q Q1 FY2025 Note 3 - Fair value of long-term debt,"The fair value of the Company's long-term debt, including the current portion, was approximately $ 5,273",https://www.sec.gov/Archives/edgar/data/909832/000090983224000079/cost-20241124.htm,True
