check,line_item,fiscal_year,selected_value,other_value,other_accession,status
restated_in_other_filing,sga,2020,16387.0,16332.0,0000909832-20-000017,INFO
restated_in_other_filing,sga,2020,16387.0,16332.0,0000909832-21-000014,INFO
restated_in_other_filing,sga,2021,18537.0,18461.0,0000909832-21-000014,INFO
restated_in_other_filing,segment_operating_income,2020,3822.0,3633.0,0000909832-20-000017,INFO
restated_in_other_filing,segment_operating_income,2020,3822.0,3633.0,0000909832-21-000014,INFO
restated_in_other_filing,segment_operating_income,2020,778.0,860.0,0000909832-20-000017,INFO
restated_in_other_filing,segment_operating_income,2020,778.0,860.0,0000909832-21-000014,INFO
restated_in_other_filing,segment_operating_income,2021,4470.0,4262.0,0000909832-21-000014,INFO
restated_in_other_filing,segment_operating_income,2021,1093.0,1176.0,0000909832-21-000014,INFO
as_originally_reported,sga,2020,16387.0,16332.0,0000909832-20-000017,INFO
as_originally_reported,sga,2021,18537.0,18461.0,0000909832-21-000014,INFO
as_originally_reported,preopening,2020,0.0,55.0,0000909832-20-000017,INFO
as_originally_reported,preopening,2021,0.0,76.0,0000909832-21-000014,INFO
companyfacts_api,total_revenue,2020,166761.0,166761.0,0000909832-22-000021,MATCH
companyfacts_api,merchandise_costs,2020,144939.0,144939.0,0000909832-22-000021,MATCH
companyfacts_api,sga,2020,16387.0,16387.0,0000909832-22-000021,MATCH
companyfacts_api,operating_income,2020,5435.0,5435.0,0000909832-22-000021,MATCH
companyfacts_api,interest_expense,2020,160.0,160.0,0000909832-22-000021,MATCH
companyfacts_api,interest_income_other,2020,92.0,92.0,0000909832-22-000021,MATCH
companyfacts_api,pretax_income,2020,5367.0,5367.0,0000909832-22-000021,MATCH
companyfacts_api,income_tax,2020,1308.0,1308.0,0000909832-22-000021,MATCH
companyfacts_api,net_income_incl_nci,2020,4059.0,4059.0,0000909832-22-000021,MATCH
companyfacts_api,nci_income,2020,57.0,57.0,0000909832-22-000021,MATCH
companyfacts_api,net_income,2020,4002.0,4002.0,0000909832-22-000021,MATCH
companyfacts_api,eps_basic,2020,9.05,9.05,0000909832-22-000021,MATCH
companyfacts_api,eps_diluted,2020,9.02,9.02,0000909832-22-000021,MATCH
companyfacts_api,shares_basic,2020,442.297,442.297,0000909832-22-000021,MATCH
companyfacts_api,shares_diluted,2020,443.901,443.901,0000909832-22-000021,MATCH
companyfacts_api,total_revenue,2021,195929.0,195929.0,0000909832-23-000042,MATCH
companyfacts_api,merchandise_costs,2021,170684.0,170684.0,0000909832-23-000042,MATCH
companyfacts_api,sga,2021,18537.0,18537.0,0000909832-23-000042,MATCH
companyfacts_api,operating_income,2021,6708.0,6708.0,0000909832-23-000042,MATCH
companyfacts_api,interest_expense,2021,171.0,171.0,0000909832-23-000042,MATCH
companyfacts_api,interest_income_other,2021,143.0,143.0,0000909832-23-000042,MATCH
companyfacts_api,pretax_income,2021,6680.0,6680.0,0000909832-23-000042,MATCH
companyfacts_api,income_tax,2021,1601.0,1601.0,0000909832-23-000042,MATCH
companyfacts_api,net_income_incl_nci,2021,5079.0,5079.0,0000909832-23-000042,MATCH
companyfacts_api,nci_income,2021,72.0,72.0,0000909832-23-000042,MATCH
companyfacts_api,net_income,2021,5007.0,5007.0,0000909832-23-000042,MATCH
companyfacts_api,eps_basic,2021,11.3,11.3,0000909832-23-000042,MATCH
companyfacts_api,eps_diluted,2021,11.27,11.27,0000909832-23-000042,MATCH
companyfacts_api,shares_basic,2021,443.089,443.089,0000909832-23-000042,MATCH
companyfacts_api,shares_diluted,2021,444.346,444.346,0000909832-23-000042,MATCH
companyfacts_api,total_revenue,2022,226954.0,226954.0,0000909832-24-000049,MATCH
companyfacts_api,merchandise_costs,2022,199382.0,199382.0,0000909832-24-000049,MATCH
companyfacts_api,sga,2022,19779.0,19779.0,0000909832-24-000049,MATCH
companyfacts_api,operating_income,2022,7793.0,7793.0,0000909832-24-000049,MATCH
companyfacts_api,interest_expense,2022,158.0,158.0,0000909832-24-000049,MATCH
companyfacts_api,interest_income_other,2022,205.0,205.0,0000909832-24-000049,MATCH
companyfacts_api,pretax_income,2022,7840.0,7840.0,0000909832-24-000049,MATCH
companyfacts_api,income_tax,2022,1925.0,1925.0,0000909832-24-000049,MATCH
companyfacts_api,net_income_incl_nci,2022,5915.0,5915.0,0000909832-24-000049,MATCH
companyfacts_api,nci_income,2022,71.0,71.0,0000909832-24-000049,MATCH
companyfacts_api,net_income,2022,5844.0,5844.0,0000909832-24-000049,MATCH
companyfacts_api,eps_basic,2022,13.17,13.17,0000909832-24-000049,MATCH
companyfacts_api,eps_diluted,2022,13.14,13.14,0000909832-24-000049,MATCH
companyfacts_api,shares_basic,2022,443.651,443.651,0000909832-24-000049,MATCH
companyfacts_api,shares_diluted,2022,444.757,444.757,0000909832-24-000049,MATCH
companyfacts_api,total_revenue,2023,242290.0,242290.0,0000909832-24-000049,MATCH
companyfacts_api,merchandise_costs,2023,212586.0,212586.0,0000909832-24-000049,MATCH
companyfacts_api,sga,2023,21590.0,21590.0,0000909832-24-000049,MATCH
companyfacts_api,operating_income,2023,8114.0,8114.0,0000909832-24-000049,MATCH
companyfacts_api,interest_expense,2023,160.0,160.0,0000909832-24-000049,MATCH
companyfacts_api,interest_income_other,2023,533.0,533.0,0000909832-24-000049,MATCH
companyfacts_api,pretax_income,2023,8487.0,8487.0,0000909832-24-000049,MATCH
companyfacts_api,income_tax,2023,2195.0,2195.0,0000909832-24-000049,MATCH
companyfacts_api,net_income_incl_nci,2023,6292.0,6292.0,0000909832-24-000049,MATCH
companyfacts_api,nci_income,2023,0.0,0.0,0000909832-24-000049,MATCH
companyfacts_api,net_income,2023,6292.0,6292.0,0000909832-24-000049,MATCH
companyfacts_api,eps_basic,2023,14.18,14.18,0000909832-24-000049,MATCH
companyfacts_api,eps_diluted,2023,14.16,14.16,0000909832-24-000049,MATCH
companyfacts_api,shares_basic,2023,443.854,443.854,0000909832-24-000049,MATCH
companyfacts_api,shares_diluted,2023,444.452,444.452,0000909832-24-000049,MATCH
companyfacts_api,total_revenue,2024,254453.0,254453.0,0000909832-24-000049,MATCH
companyfacts_api,merchandise_costs,2024,222358.0,222358.0,0000909832-24-000049,MATCH
companyfacts_api,sga,2024,22810.0,22810.0,0000909832-24-000049,MATCH
companyfacts_api,operating_income,2024,9285.0,9285.0,0000909832-24-000049,MATCH
companyfacts_api,interest_expense,2024,169.0,169.0,0000909832-24-000049,MATCH
companyfacts_api,interest_income_other,2024,624.0,624.0,0000909832-24-000049,MATCH
companyfacts_api,pretax_income,2024,9740.0,9740.0,0000909832-24-000049,MATCH
companyfacts_api,income_tax,2024,2373.0,2373.0,0000909832-24-000049,MATCH
companyfacts_api,net_income_incl_nci,2024,7367.0,7367.0,0000909832-24-000049,MATCH
companyfacts_api,nci_income,2024,0.0,0.0,0000909832-24-000049,MATCH
companyfacts_api,net_income,2024,7367.0,7367.0,0000909832-24-000049,MATCH
companyfacts_api,eps_basic,2024,16.59,16.59,0000909832-24-000049,MATCH
companyfacts_api,eps_diluted,2024,16.56,16.56,0000909832-24-000049,MATCH
companyfacts_api,shares_basic,2024,443.914,443.914,0000909832-24-000049,MATCH
companyfacts_api,shares_diluted,2024,444.759,444.759,0000909832-24-000049,MATCH
companyfacts_api,cash,2019,8384.0,8384.0,0000909832-20-000017,MATCH
companyfacts_api,short_term_investments,2019,1060.0,1060.0,0000909832-20-000017,MATCH
companyfacts_api,receivables,2019,1535.0,1535.0,0000909832-20-000017,MATCH
companyfacts_api,inventories,2019,11395.0,11395.0,0000909832-20-000017,MATCH
companyfacts_api,other_current_assets,2019,1111.0,1111.0,0000909832-20-000017,MATCH
companyfacts_api,total_current_assets,2019,23485.0,23485.0,0000909832-20-000017,MATCH
companyfacts_api,ppe_net,2019,20890.0,20890.0,0000909832-20-000017,MATCH
companyfacts_api,operating_lease_rou,2019,0.0,0.0,0000909832-20-000017,MATCH
companyfacts_api,other_lt_assets,2019,1025.0,1025.0,0000909832-20-000017,MATCH
companyfacts_api,total_assets,2019,45400.0,45400.0,0000909832-20-000017,MATCH
companyfacts_api,accounts_payable,2019,11679.0,11679.0,0000909832-20-000017,MATCH
companyfacts_api,accrued_salaries,2019,3176.0,3176.0,0000909832-20-000017,MATCH
companyfacts_api,accrued_member_rewards,2019,1180.0,1180.0,0000909832-20-000017,MATCH
companyfacts_api,deferred_membership_fees,2019,1711.0,1711.0,0000909832-20-000017,MATCH
companyfacts_api,current_debt,2019,1699.0,1699.0,0000909832-20-000017,MATCH
companyfacts_api,other_current_liabilities,2019,3792.0,3792.0,0000909832-20-000017,MATCH
companyfacts_api,total_current_liabilities,2019,23237.0,23237.0,0000909832-20-000017,MATCH
companyfacts_api,long_term_debt,2019,5124.0,5124.0,0000909832-20-000017,MATCH
companyfacts_api,lt_operating_lease_liab,2019,0.0,0.0,0000909832-20-000017,MATCH
companyfacts_api,other_lt_liabilities,2019,1455.0,1455.0,0000909832-20-000017,MATCH
companyfacts_api,total_liabilities,2019,29816.0,29816.0,0000909832-20-000017,MATCH
companyfacts_api,costco_equity,2019,15243.0,15243.0,0000909832-20-000017,MATCH
companyfacts_api,nci,2019,341.0,341.0,0000909832-20-000017,MATCH
companyfacts_api,total_equity,2019,15584.0,15584.0,0000909832-20-000017,MATCH
companyfacts_api,total_liabilities_equity,2019,45400.0,45400.0,0000909832-20-000017,MATCH
companyfacts_api,shares_outstanding,2019,439.625,439.625,0000909832-20-000017,MATCH
companyfacts_api,cash,2020,12277.0,12277.0,0000909832-21-000014,MATCH
companyfacts_api,short_term_investments,2020,1028.0,1028.0,0000909832-21-000014,MATCH
companyfacts_api,receivables,2020,1550.0,1550.0,0000909832-21-000014,MATCH
companyfacts_api,inventories,2020,12242.0,12242.0,0000909832-21-000014,MATCH
companyfacts_api,other_current_assets,2020,1023.0,1023.0,0000909832-21-000014,MATCH
companyfacts_api,total_current_assets,2020,28120.0,28120.0,0000909832-21-000014,MATCH
companyfacts_api,ppe_net,2020,21807.0,21807.0,0000909832-21-000014,MATCH
companyfacts_api,operating_lease_rou,2020,2788.0,2788.0,0000909832-21-000014,MATCH
companyfacts_api,other_lt_assets,2020,2841.0,2841.0,0000909832-21-000014,MATCH
companyfacts_api,total_assets,2020,55556.0,55556.0,0000909832-21-000014,MATCH
companyfacts_api,accounts_payable,2020,14172.0,14172.0,0000909832-21-000014,MATCH
companyfacts_api,accrued_salaries,2020,3605.0,3605.0,0000909832-21-000014,MATCH
companyfacts_api,accrued_member_rewards,2020,1393.0,1393.0,0000909832-21-000014,MATCH
companyfacts_api,deferred_membership_fees,2020,1851.0,1851.0,0000909832-21-000014,MATCH
companyfacts_api,current_debt,2020,95.0,95.0,0000909832-21-000014,MATCH
companyfacts_api,other_current_liabilities,2020,3728.0,3728.0,0000909832-21-000014,MATCH
companyfacts_api,total_current_liabilities,2020,24844.0,24844.0,0000909832-21-000014,MATCH
companyfacts_api,long_term_debt,2020,7514.0,7514.0,0000909832-21-000014,MATCH
companyfacts_api,lt_operating_lease_liab,2020,2558.0,2558.0,0000909832-21-000014,MATCH
companyfacts_api,other_lt_liabilities,2020,1935.0,1935.0,0000909832-21-000014,MATCH
companyfacts_api,total_liabilities,2020,36851.0,36851.0,0000909832-21-000014,MATCH
companyfacts_api,costco_equity,2020,18284.0,18284.0,0000909832-21-000014,MATCH
companyfacts_api,nci,2020,421.0,421.0,0000909832-21-000014,MATCH
companyfacts_api,total_equity,2020,18705.0,18705.0,0000909832-21-000014,MATCH
companyfacts_api,total_liabilities_equity,2020,55556.0,55556.0,0000909832-21-000014,MATCH
companyfacts_api,shares_outstanding,2020,441.255,441.255,0000909832-21-000014,MATCH
companyfacts_api,cash,2021,11258.0,11258.0,0000909832-22-000021,MATCH
companyfacts_api,short_term_investments,2021,917.0,917.0,0000909832-22-000021,MATCH
companyfacts_api,receivables,2021,1803.0,1803.0,0000909832-22-000021,MATCH
companyfacts_api,inventories,2021,14215.0,14215.0,0000909832-22-000021,MATCH
companyfacts_api,other_current_assets,2021,1312.0,1312.0,0000909832-22-000021,MATCH
companyfacts_api,total_current_assets,2021,29505.0,29505.0,0000909832-22-000021,MATCH
companyfacts_api,ppe_net,2021,23492.0,23492.0,0000909832-22-000021,MATCH
companyfacts_api,operating_lease_rou,2021,2890.0,2890.0,0000909832-22-000021,MATCH
companyfacts_api,other_lt_assets,2021,3381.0,3381.0,0000909832-22-000021,MATCH
companyfacts_api,total_assets,2021,59268.0,59268.0,0000909832-22-000021,MATCH
companyfacts_api,accounts_payable,2021,16278.0,16278.0,0000909832-22-000021,MATCH
companyfacts_api,accrued_salaries,2021,4090.0,4090.0,0000909832-22-000021,MATCH
companyfacts_api,accrued_member_rewards,2021,1671.0,1671.0,0000909832-22-000021,MATCH
companyfacts_api,deferred_membership_fees,2021,2042.0,2042.0,0000909832-22-000021,MATCH
companyfacts_api,current_debt,2021,799.0,799.0,0000909832-22-000021,MATCH
companyfacts_api,other_current_liabilities,2021,4561.0,4561.0,0000909832-22-000021,MATCH
companyfacts_api,total_current_liabilities,2021,29441.0,29441.0,0000909832-22-000021,MATCH
companyfacts_api,long_term_debt,2021,6692.0,6692.0,0000909832-22-000021,MATCH
companyfacts_api,lt_operating_lease_liab,2021,2642.0,2642.0,0000909832-22-000021,MATCH
companyfacts_api,other_lt_liabilities,2021,2415.0,2415.0,0000909832-22-000021,MATCH
companyfacts_api,total_liabilities,2021,41190.0,41190.0,0000909832-22-000021,MATCH
companyfacts_api,costco_equity,2021,17564.0,17564.0,0000909832-22-000021,MATCH
companyfacts_api,nci,2021,514.0,514.0,0000909832-22-000021,MATCH
companyfacts_api,total_equity,2021,18078.0,18078.0,0000909832-22-000021,MATCH
companyfacts_api,total_liabilities_equity,2021,59268.0,59268.0,0000909832-22-000021,MATCH
companyfacts_api,shares_outstanding,2021,441.825,441.825,0000909832-22-000021,MATCH
companyfacts_api,cash,2022,10203.0,10203.0,0000909832-23-000042,MATCH
companyfacts_api,short_term_investments,2022,846.0,846.0,0000909832-23-000042,MATCH
companyfacts_api,receivables,2022,2241.0,2241.0,0000909832-23-000042,MATCH
companyfacts_api,inventories,2022,17907.0,17907.0,0000909832-23-000042,MATCH
companyfacts_api,other_current_assets,2022,1499.0,1499.0,0000909832-23-000042,MATCH
companyfacts_api,total_current_assets,2022,32696.0,32696.0,0000909832-23-000042,MATCH
companyfacts_api,ppe_net,2022,24646.0,24646.0,0000909832-23-000042,MATCH
companyfacts_api,operating_lease_rou,2022,2774.0,2774.0,0000909832-23-000042,MATCH
companyfacts_api,other_lt_assets,2022,4050.0,4050.0,0000909832-23-000042,MATCH
companyfacts_api,total_assets,2022,64166.0,64166.0,0000909832-23-000042,MATCH
companyfacts_api,accounts_payable,2022,17848.0,17848.0,0000909832-23-000042,MATCH
companyfacts_api,accrued_salaries,2022,4381.0,4381.0,0000909832-23-000042,MATCH
companyfacts_api,accrued_member_rewards,2022,1911.0,1911.0,0000909832-23-000042,MATCH
companyfacts_api,deferred_membership_fees,2022,2174.0,2174.0,0000909832-23-000042,MATCH
companyfacts_api,current_debt,2022,73.0,73.0,0000909832-23-000042,MATCH
companyfacts_api,other_current_liabilities,2022,5611.0,5611.0,0000909832-23-000042,MATCH
companyfacts_api,total_current_liabilities,2022,31998.0,31998.0,0000909832-23-000042,MATCH
companyfacts_api,long_term_debt,2022,6484.0,6484.0,0000909832-23-000042,MATCH
companyfacts_api,lt_operating_lease_liab,2022,2482.0,2482.0,0000909832-23-000042,MATCH
companyfacts_api,other_lt_liabilities,2022,2555.0,2555.0,0000909832-23-000042,MATCH
companyfacts_api,total_liabilities,2022,43519.0,43519.0,0000909832-23-000042,MATCH
companyfacts_api,costco_equity,2022,20642.0,20642.0,0000909832-23-000042,MATCH
companyfacts_api,nci,2022,5.0,5.0,0000909832-23-000042,MATCH
companyfacts_api,total_equity,2022,20647.0,20647.0,0000909832-23-000042,MATCH
companyfacts_api,total_liabilities_equity,2022,64166.0,64166.0,0000909832-23-000042,MATCH
companyfacts_api,shares_outstanding,2022,442.664,442.664,0000909832-23-000042,MATCH
companyfacts_api,cash,2023,13700.0,13700.0,0000909832-24-000049,MATCH
companyfacts_api,short_term_investments,2023,1534.0,1534.0,0000909832-24-000049,MATCH
companyfacts_api,receivables,2023,2285.0,2285.0,0000909832-24-000049,MATCH
companyfacts_api,inventories,2023,16651.0,16651.0,0000909832-24-000049,MATCH
companyfacts_api,other_current_assets,2023,1709.0,1709.0,0000909832-24-000049,MATCH
companyfacts_api,total_current_assets,2023,35879.0,35879.0,0000909832-24-000049,MATCH
companyfacts_api,ppe_net,2023,26684.0,26684.0,0000909832-24-000049,MATCH
companyfacts_api,operating_lease_rou,2023,2713.0,2713.0,0000909832-24-000049,MATCH
companyfacts_api,other_lt_assets,2023,3718.0,3718.0,0000909832-24-000049,MATCH
companyfacts_api,total_assets,2023,68994.0,68994.0,0000909832-24-000049,MATCH
companyfacts_api,accounts_payable,2023,17483.0,17483.0,0000909832-24-000049,MATCH
companyfacts_api,accrued_salaries,2023,4278.0,4278.0,0000909832-24-000049,MATCH
companyfacts_api,accrued_member_rewards,2023,2150.0,2150.0,0000909832-24-000049,MATCH
companyfacts_api,deferred_membership_fees,2023,2337.0,2337.0,0000909832-24-000049,MATCH
companyfacts_api,current_debt,2023,1081.0,1081.0,0000909832-24-000049,MATCH
companyfacts_api,other_current_liabilities,2023,6254.0,6254.0,0000909832-24-000049,MATCH
companyfacts_api,total_current_liabilities,2023,33583.0,33583.0,0000909832-24-000049,MATCH
companyfacts_api,long_term_debt,2023,5377.0,5377.0,0000909832-24-000049,MATCH
companyfacts_api,lt_operating_lease_liab,2023,2426.0,2426.0,0000909832-24-000049,MATCH
companyfacts_api,other_lt_liabilities,2023,2550.0,2550.0,0000909832-24-000049,MATCH
companyfacts_api,total_liabilities,2023,43936.0,43936.0,0000909832-24-000049,MATCH
companyfacts_api,costco_equity,2023,25058.0,25058.0,0000909832-24-000049,MATCH
companyfacts_api,total_equity,2023,25058.0,25058.0,0000909832-24-000049,MATCH
companyfacts_api,total_liabilities_equity,2023,68994.0,68994.0,0000909832-24-000049,MATCH
companyfacts_api,shares_outstanding,2023,442.793,442.793,0000909832-24-000049,MATCH
companyfacts_api,cash,2024,9906.0,9906.0,0000909832-24-000049,MATCH
companyfacts_api,short_term_investments,2024,1238.0,1238.0,0000909832-24-000049,MATCH
companyfacts_api,receivables,2024,2721.0,2721.0,0000909832-24-000049,MATCH
companyfacts_api,inventories,2024,18647.0,18647.0,0000909832-24-000049,MATCH
companyfacts_api,other_current_assets,2024,1734.0,1734.0,0000909832-24-000049,MATCH
companyfacts_api,total_current_assets,2024,34246.0,34246.0,0000909832-24-000049,MATCH
companyfacts_api,ppe_net,2024,29032.0,29032.0,0000909832-24-000049,MATCH
companyfacts_api,operating_lease_rou,2024,2617.0,2617.0,0000909832-24-000049,MATCH
companyfacts_api,other_lt_assets,2024,3936.0,3936.0,0000909832-24-000049,MATCH
companyfacts_api,total_assets,2024,69831.0,69831.0,0000909832-24-000049,MATCH
companyfacts_api,accounts_payable,2024,19421.0,19421.0,0000909832-24-000049,MATCH
companyfacts_api,accrued_salaries,2024,4794.0,4794.0,0000909832-24-000049,MATCH
companyfacts_api,accrued_member_rewards,2024,2435.0,2435.0,0000909832-24-000049,MATCH
companyfacts_api,deferred_membership_fees,2024,2501.0,2501.0,0000909832-24-000049,MATCH
companyfacts_api,current_debt,2024,103.0,103.0,0000909832-24-000049,MATCH
companyfacts_api,other_current_liabilities,2024,6210.0,6210.0,0000909832-24-000049,MATCH
companyfacts_api,total_current_liabilities,2024,35464.0,35464.0,0000909832-24-000049,MATCH
companyfacts_api,long_term_debt,2024,5794.0,5794.0,0000909832-24-000049,MATCH
companyfacts_api,lt_operating_lease_liab,2024,2375.0,2375.0,0000909832-24-000049,MATCH
companyfacts_api,other_lt_liabilities,2024,2576.0,2576.0,0000909832-24-000049,MATCH
companyfacts_api,total_liabilities,2024,46209.0,46209.0,0000909832-24-000049,MATCH
companyfacts_api,costco_equity,2024,23622.0,23622.0,0000909832-24-000049,MATCH
companyfacts_api,total_equity,2024,23622.0,23622.0,0000909832-24-000049,MATCH
companyfacts_api,total_liabilities_equity,2024,69831.0,69831.0,0000909832-24-000049,MATCH
companyfacts_api,shares_outstanding,2024,443.126,443.126,0000909832-24-000049,MATCH
companyfacts_api,cfo,2020,8861.0,8861.0,0000909832-22-000021,MATCH
companyfacts_api,d_and_a,2020,1645.0,1645.0,0000909832-22-000021,MATCH
companyfacts_api,sbc,2020,619.0,619.0,0000909832-22-000021,MATCH
companyfacts_api,chg_inventories,2020,791.0,791.0,0000909832-22-000021,MATCH
companyfacts_api,chg_accounts_payable,2020,2261.0,2261.0,0000909832-22-000021,MATCH
companyfacts_api,chg_other_wc,2020,-728.0,-728.0,0000909832-22-000021,MATCH
companyfacts_api,capex,2020,2810.0,2810.0,0000909832-22-000021,MATCH
companyfacts_api,cfi,2020,-3891.0,-3891.0,0000909832-22-000021,MATCH
companyfacts_api,dividends_paid,2020,1479.0,1479.0,0000909832-22-000021,MATCH
companyfacts_api,buybacks,2020,196.0,196.0,0000909832-22-000021,MATCH
companyfacts_api,debt_issued,2020,3992.0,3992.0,0000909832-22-000021,MATCH
companyfacts_api,debt_repaid,2020,3200.0,3200.0,0000909832-22-000021,MATCH
companyfacts_api,cff,2020,-1147.0,-1147.0,0000909832-22-000021,MATCH
companyfacts_api,fx_effect,2020,70.0,70.0,0000909832-22-000021,MATCH
companyfacts_api,net_change_cash,2020,3893.0,3893.0,0000909832-22-000021,MATCH
companyfacts_api,income_taxes_paid,2020,1052.0,1052.0,0000909832-22-000021,MATCH
companyfacts_api,interest_paid,2020,124.0,124.0,0000909832-22-000021,MATCH
companyfacts_api,cfo,2021,8958.0,8958.0,0000909832-23-000042,MATCH
companyfacts_api,d_and_a,2021,1781.0,1781.0,0000909832-23-000042,MATCH
companyfacts_api,sbc,2021,665.0,665.0,0000909832-23-000042,MATCH
companyfacts_api,chg_inventories,2021,1892.0,1892.0,0000909832-23-000042,MATCH
companyfacts_api,chg_accounts_payable,2021,1838.0,1838.0,0000909832-23-000042,MATCH
companyfacts_api,chg_other_wc,2021,-1057.0,-1057.0,0000909832-23-000042,MATCH
companyfacts_api,capex,2021,3588.0,3588.0,0000909832-23-000042,MATCH
companyfacts_api,cfi,2021,-3535.0,-3535.0,0000909832-23-000042,MATCH
companyfacts_api,dividends_paid,2021,5748.0,5748.0,0000909832-23-000042,MATCH
companyfacts_api,buybacks,2021,496.0,496.0,0000909832-23-000042,MATCH
companyfacts_api,debt_repaid,2021,94.0,94.0,0000909832-23-000042,MATCH
companyfacts_api,cff,2021,-6488.0,-6488.0,0000909832-23-000042,MATCH
companyfacts_api,fx_effect,2021,46.0,46.0,0000909832-23-000042,MATCH
companyfacts_api,net_change_cash,2021,-1019.0,-1019.0,0000909832-23-000042,MATCH
companyfacts_api,income_taxes_paid,2021,1527.0,1527.0,0000909832-23-000042,MATCH
companyfacts_api,interest_paid,2021,149.0,149.0,0000909832-23-000042,MATCH
companyfacts_api,cfo,2022,7392.0,7392.0,0000909832-24-000049,MATCH
companyfacts_api,d_and_a,2022,1900.0,1900.0,0000909832-24-000049,MATCH
companyfacts_api,sbc,2022,724.0,724.0,0000909832-24-000049,MATCH
companyfacts_api,chg_inventories,2022,4003.0,4003.0,0000909832-24-000049,MATCH
companyfacts_api,chg_accounts_payable,2022,1891.0,1891.0,0000909832-24-000049,MATCH
companyfacts_api,chg_other_wc,2022,-549.0,-549.0,0000909832-24-000049,MATCH
companyfacts_api,capex,2022,3891.0,3891.0,0000909832-24-000049,MATCH
companyfacts_api,cfi,2022,-3915.0,-3915.0,0000909832-24-000049,MATCH
companyfacts_api,dividends_paid,2022,1498.0,1498.0,0000909832-24-000049,MATCH
companyfacts_api,buybacks,2022,439.0,439.0,0000909832-24-000049,MATCH
companyfacts_api,debt_issued,2022,0.0,0.0,0000909832-24-000049,MATCH
companyfacts_api,debt_repaid,2022,800.0,800.0,0000909832-24-000049,MATCH
companyfacts_api,cff,2022,-4283.0,-4283.0,0000909832-24-000049,MATCH
companyfacts_api,fx_effect,2022,-249.0,-249.0,0000909832-24-000049,MATCH
companyfacts_api,net_change_cash,2022,-1055.0,-1055.0,0000909832-24-000049,MATCH
companyfacts_api,income_taxes_paid,2022,1940.0,1940.0,0000909832-24-000049,MATCH
companyfacts_api,interest_paid,2022,145.0,145.0,0000909832-24-000049,MATCH
companyfacts_api,cfo,2023,11068.0,11068.0,0000909832-24-000049,MATCH
companyfacts_api,d_and_a,2023,2077.0,2077.0,0000909832-24-000049,MATCH
companyfacts_api,sbc,2023,774.0,774.0,0000909832-24-000049,MATCH
companyfacts_api,chg_inventories,2023,-1228.0,-1228.0,0000909832-24-000049,MATCH
companyfacts_api,chg_accounts_payable,2023,-382.0,-382.0,0000909832-24-000049,MATCH
companyfacts_api,chg_other_wc,2023,-172.0,-172.0,0000909832-24-000049,MATCH
companyfacts_api,capex,2023,4323.0,4323.0,0000909832-24-000049,MATCH
companyfacts_api,cfi,2023,-4972.0,-4972.0,0000909832-24-000049,MATCH
companyfacts_api,dividends_paid,2023,1251.0,1251.0,0000909832-24-000049,MATCH
companyfacts_api,buybacks,2023,676.0,676.0,0000909832-24-000049,MATCH
companyfacts_api,debt_issued,2023,0.0,0.0,0000909832-24-000049,MATCH
companyfacts_api,debt_repaid,2023,75.0,75.0,0000909832-24-000049,MATCH
companyfacts_api,cff,2023,-2614.0,-2614.0,0000909832-24-000049,MATCH
companyfacts_api,fx_effect,2023,15.0,15.0,0000909832-24-000049,MATCH
companyfacts_api,net_change_cash,2023,3497.0,3497.0,0000909832-24-000049,MATCH
companyfacts_api,income_taxes_paid,2023,2234.0,2234.0,0000909832-24-000049,MATCH
companyfacts_api,interest_paid,2023,125.0,125.0,0000909832-24-000049,MATCH
companyfacts_api,cfo,2024,11339.0,11339.0,0000909832-24-000049,MATCH
companyfacts_api,d_and_a,2024,2237.0,2237.0,0000909832-24-000049,MATCH
companyfacts_api,sbc,2024,818.0,818.0,0000909832-24-000049,MATCH
companyfacts_api,chg_inventories,2024,2068.0,2068.0,0000909832-24-000049,MATCH
companyfacts_api,chg_accounts_payable,2024,1938.0,1938.0,0000909832-24-000049,MATCH
companyfacts_api,chg_other_wc,2024,-741.0,-741.0,0000909832-24-000049,MATCH
companyfacts_api,capex,2024,4710.0,4710.0,0000909832-24-000049,MATCH
companyfacts_api,cfi,2024,-4409.0,-4409.0,0000909832-24-000049,MATCH
companyfacts_api,dividends_paid,2024,9041.0,9041.0,0000909832-24-000049,MATCH
companyfacts_api,buybacks,2024,700.0,700.0,0000909832-24-000049,MATCH
companyfacts_api,debt_issued,2024,498.0,498.0,0000909832-24-000049,MATCH
companyfacts_api,debt_repaid,2024,1077.0,1077.0,0000909832-24-000049,MATCH
companyfacts_api,cff,2024,-10764.0,-10764.0,0000909832-24-000049,MATCH
companyfacts_api,fx_effect,2024,40.0,40.0,0000909832-24-000049,MATCH
companyfacts_api,net_change_cash,2024,-3794.0,-3794.0,0000909832-24-000049,MATCH
companyfacts_api,income_taxes_paid,2024,2319.0,2319.0,0000909832-24-000049,MATCH
companyfacts_api,interest_paid,2024,129.0,129.0,0000909832-24-000049,MATCH
companyfacts_api,operating_lease_liab_total,2020,2789.0,2789.0,0000909832-20-000017,MATCH
companyfacts_api,total_lease_liab,2020,3477.0,,0000909832-21-000014,COMPANY_EXTENSION_TAG
companyfacts_api,finance_lease_liab_total,2020,688.0,688.0,0000909832-20-000017,MATCH
companyfacts_api,operating_lease_liab_total,2021,2864.0,2864.0,0000909832-21-000014,MATCH
companyfacts_api,total_lease_liab,2021,3916.0,,0000909832-22-000021,COMPANY_EXTENSION_TAG
companyfacts_api,finance_lease_liab_total,2021,1052.0,1052.0,0000909832-21-000014,MATCH
companyfacts_api,operating_lease_liab_total,2022,2721.0,2721.0,0000909832-22-000021,MATCH
companyfacts_api,total_lease_liab,2022,4349.0,,0000909832-23-000042,COMPANY_EXTENSION_TAG
companyfacts_api,operating_lease_liab_total,2023,2646.0,2646.0,0000909832-23-000042,MATCH
companyfacts_api,total_lease_liab,2023,4078.0,,0000909832-24-000049,COMPANY_EXTENSION_TAG
companyfacts_api,operating_lease_liab_total,2024,2554.0,2554.0,0000909832-24-000049,MATCH
companyfacts_api,total_lease_liab,2024,4052.0,,0000909832-24-000049,COMPANY_EXTENSION_TAG
